<?xml version="1.0"?>
<touchIR>
  <activities>
    <activity name="01LeftPanel" location="CybPit" active="yes" mousekeyboard="no" index="0" deviceType="1" background="1LeftPanel.png" image="touchcontrol_remote_CybPit^01LeftPanel.jpg">
      <device name="1LP1">
        <buttons>
          <button name="6EmergencyJettinson" type="ahk" top="112" left="492" textPosition="off" textSize="medium" textColor="Black" width="95" height="95" delay="no" buttonPack="" buttonFile="" altButtonFile="" linkActivity="" repeat="1" interval="0.1" rotation="0" autoexec="False" autoexit="False" autoresume="False" icon="" touchTip="False" index="69">
            <code>send {Ctrl Down}{j}{Ctrl Up}</code>
          </button>
          <button name="5LandingLightGP" type="gp" top="85" left="387" textPosition="off" textSize="medium" textColor="Black" width="74" height="90" delay="no" buttonPack="" buttonFile="" altButtonFile="" linkActivity="" repeat="1" interval="0.1" rotation="0" autoexec="False" autoexit="False" autoresume="False" icon="" touchTip="False" index="70">
            <code>1:ahk&lt;:1LP1^5LandingLightOff|2:ahk&lt;:1LP1^5LandingLightOn|4:ahk&lt;:1LP1^5LandingLightOff</code>
          </button>
          <button name="5LandingLightLabel" type="label" top="111" left="403" textPosition="on" textSize="medium" textColor="Black" width="33" height="50" delay="no" buttonPack="switchAndKnob" buttonFile="switchAndKnob/swGrayMid.png" altButtonFile="" linkActivity="" repeat="-1" interval="" rotation="0" autoexec="False" autoexit="False" autoresume="False" icon="" touchTip="False" index="71">
            <code>
            </code>
          </button>
          <button name="4SilenceHorn" type="ahk" top="84" left="298" textPosition="off" textSize="medium" textColor="Black" width="55" height="77" delay="no" buttonPack="" buttonFile="" altButtonFile="" linkActivity="" repeat="1" interval="0.1" rotation="0" autoexec="False" autoexit="False" autoresume="False" icon="" touchTip="False" index="72">
            <code>send {Ctrl Down}{Alt Down}{r}{Alt Up}{Ctrl Up}</code>
          </button>
          <button name="3CATGP" type="gp" top="85" left="203" textPosition="off" textSize="medium" textColor="Black" width="53" height="93" delay="no" buttonPack="" buttonFile="" altButtonFile="" linkActivity="" repeat="1" interval="0.1" rotation="0" autoexec="False" autoexit="False" autoresume="False" icon="" touchTip="False" index="73">
            <code>1:ahk&lt;:1LP1^3CATI|2:ahk&lt;:1LP1^3CATIII</code>
          </button>
          <button name="3CATLabel" type="label" top="112" left="211" textPosition="on" textSize="medium" textColor="Black" width="32" height="50" delay="no" buttonPack="switchAndKnob" buttonFile="switchAndKnob/swGrayUp.png" altButtonFile="" linkActivity="" repeat="-1" interval="" rotation="0" autoexec="False" autoexit="False" autoresume="False" icon="" touchTip="False" index="74">
            <code>
            </code>
          </button>
          <button name="2ParkingBrakeGP" type="gp" top="82" left="103" textPosition="off" textSize="medium" textColor="Black" width="50" height="93" delay="no" buttonPack="" buttonFile="" altButtonFile="" linkActivity="" repeat="1" interval="0.1" rotation="0" autoexec="False" autoexit="False" autoresume="False" icon="" touchTip="False" index="75">
            <code>1:ahk&lt;:1LP1^2ParkingBrakeOn|2:ahk&lt;:1LP1^2ParkingBrakeOff</code>
          </button>
          <button name="2ParkingBrakeLabel" type="label" top="112" left="111" textPosition="on" textSize="medium" textColor="Black" width="32" height="50" delay="no" buttonPack="switchAndKnob" buttonFile="switchAndKnob/swGrayDown.png" altButtonFile="" linkActivity="" repeat="-1" interval="" rotation="0" autoexec="False" autoexit="False" autoresume="False" icon="" touchTip="False" index="76">
            <code>
            </code>
          </button>
          <button name="1GndJettGP" type="gp" top="85" left="11" textPosition="off" textSize="medium" textColor="Black" width="55" height="93" delay="no" buttonPack="" buttonFile="" altButtonFile="" linkActivity="" repeat="1" interval="0.1" rotation="0" autoexec="False" autoexit="False" autoresume="False" icon="" touchTip="False" index="77">
            <code>1:ahk&lt;:1LP1^1GndJettOn|2:ahk&lt;:1LP1^1GndJettOff</code>
          </button>
          <button name="1GndJettLabel" type="label" top="113" left="22" textPosition="on" textSize="medium" textColor="Black" width="32" height="50" delay="no" buttonPack="switchAndKnob" buttonFile="switchAndKnob/swGrayDown.png" altButtonFile="" linkActivity="" repeat="-1" interval="" rotation="0" autoexec="False" autoexit="False" autoresume="False" icon="" touchTip="False" index="78">
            <code>
            </code>
          </button>
        </buttons>
      </device>
      <device name="1LP2">
        <buttons>
          <button name="10ExtlMasterGP" type="gp" top="658" left="173" textPosition="off" textSize="medium" textColor="Black" width="55" height="98" delay="no" buttonPack="" buttonFile="" altButtonFile="" linkActivity="" repeat="1" interval="0.1" rotation="0" autoexec="False" autoexit="False" autoresume="False" icon="" touchTip="False" index="46">
            <code>1:ahk&lt;:1LP2^10ExtlMasterNorm|2:ahk&lt;:1LP2^10ExtlMasterOff</code>
          </button>
          <button name="10ExtlMasterLabel" type="label" top="688" left="186" textPosition="on" textSize="medium" textColor="Black" width="32" height="53" delay="no" buttonPack="switchAndKnob" buttonFile="switchAndKnob/swCubeDown.png" altButtonFile="" linkActivity="" repeat="-1" interval="" rotation="0" autoexec="False" autoexit="False" autoresume="False" icon="" touchTip="False" index="47">
            <code>
            </code>
          </button>
          <button name="9WingLightGP" type="gp" top="555" left="208" textPosition="off" textSize="medium" textColor="Black" width="154" height="90" delay="no" buttonPack="" buttonFile="" altButtonFile="" linkActivity="" repeat="1" interval="0.1" rotation="0" autoexec="False" autoexit="False" autoresume="False" icon="" touchTip="False" index="48">
            <code>1:ahk&lt;:1LP2^9WingLightBrt|2:ahk&lt;:1LP2^9WingLightOff</code>
          </button>
          <button name="9WingLightLabel" type="label" top="590" left="314" textPosition="on" textSize="medium" textColor="Black" width="33" height="33" delay="no" buttonPack="switchAndKnob" buttonFile="switchAndKnob/swRedDown.png" altButtonFile="" linkActivity="" repeat="-1" interval="" rotation="0" autoexec="False" autoexit="False" autoresume="False" icon="" touchTip="False" index="49">
            <code>
            </code>
          </button>
          <button name="9WingLightLabel" type="label" top="590" left="215" textPosition="on" textSize="medium" textColor="Black" width="33" height="33" delay="no" buttonPack="switchAndKnob" buttonFile="switchAndKnob/swRedDown.png" altButtonFile="" linkActivity="" repeat="-1" interval="" rotation="0" autoexec="False" autoexit="False" autoresume="False" icon="" touchTip="False" index="50">
            <code>
            </code>
          </button>
          <button name="8LightsGP" type="gp" top="554" left="137" textPosition="off" textSize="medium" textColor="Black" width="53" height="81" delay="no" buttonPack="" buttonFile="" altButtonFile="" linkActivity="" repeat="1" interval="" rotation="0" autoexec="False" autoexit="False" autoresume="False" icon="" touchTip="False" index="51">
            <code>1:ahk&lt;:1LP2^8LightsFlash|2:ahk&lt;:1LP2^8LightsSteady</code>
          </button>
          <button name="8LightsLabel" type="label" top="574" left="144" textPosition="on" textSize="medium" textColor="Black" width="33" height="33" delay="no" buttonPack="switchAndKnob" buttonFile="switchAndKnob/swRedDown.png" altButtonFile="" linkActivity="" repeat="-1" interval="" rotation="0" autoexec="False" autoexit="False" autoresume="False" icon="" touchTip="False" index="52">
            <code>
            </code>
          </button>
          <button name="7AntiCollGP" type="gp" top="554" left="47" textPosition="off" textSize="medium" textColor="Black" width="62" height="77" delay="no" buttonPack="" buttonFile="" altButtonFile="" linkActivity="" repeat="1" interval="" rotation="0" autoexec="False" autoexit="False" autoresume="False" icon="" touchTip="False" index="53">
            <code>1:ahk&lt;:1LP2^7AntiCollOn|2:ahk&lt;:1LP2^7AntiCollOff</code>
          </button>
          <button name="7AntiCollLabel" type="label" top="576" left="57" textPosition="on" textSize="medium" textColor="Black" width="33" height="33" delay="no" buttonPack="switchAndKnob" buttonFile="switchAndKnob/swRedDown.png" altButtonFile="" linkActivity="" repeat="-1" interval="" rotation="0" autoexec="False" autoexit="False" autoresume="False" icon="" touchTip="False" index="54">
            <code>
            </code>
          </button>
          <button name="6AuxComGP" type="gp" top="391" left="279" textPosition="off" textSize="medium" textColor="Black" width="86" height="84" delay="no" buttonPack="" buttonFile="" altButtonFile="" linkActivity="" repeat="1" interval="" rotation="0" autoexec="False" autoexit="False" autoresume="False" icon="" touchTip="False" index="55">
            <code>3:ahk&lt;:1LP2^6AuxComBackup|4:ahk&lt;:1LP2^6AuxComUFC</code>
          </button>
          <button name="6AuxComLabel" type="label" top="415" left="296" textPosition="on" textSize="medium" textColor="Black" width="55" height="55" delay="no" buttonPack="switchAndKnob" buttonFile="switchAndKnob/knob5UpLeft.png" altButtonFile="" linkActivity="" repeat="-1" interval="" rotation="0" autoexec="False" autoexit="False" autoresume="False" icon="" touchTip="False" index="56">
            <code>
            </code>
          </button>
          <button name="5TACANGP" type="gp" top="425" left="193" textPosition="off" textSize="medium" textColor="Black" width="55" height="77" delay="no" buttonPack="" buttonFile="" altButtonFile="" linkActivity="" repeat="1" interval="0.1" rotation="0" autoexec="False" autoexit="False" autoresume="False" icon="" touchTip="False" index="57">
            <code>1:ahk&lt;:1LP2^5TACANTR|2:ahk&lt;:1LP2^5TACANAATR</code>
          </button>
          <button name="5TACANLabel" type="label" top="443" left="200" textPosition="on" textSize="medium" textColor="Black" width="33" height="33" delay="no" buttonPack="switchAndKnob" buttonFile="switchAndKnob/swRedUp.png" altButtonFile="" linkActivity="" repeat="-1" interval="" rotation="0" autoexec="False" autoexit="False" autoresume="False" icon="" touchTip="False" index="58">
            <code>
            </code>
          </button>
          <button name="4CycleBandAuxComDigit" type="ahk" top="425" left="146" textPosition="off" textSize="medium" textColor="Black" width="33" height="77" delay="no" buttonPack="" buttonFile="" altButtonFile="" linkActivity="" repeat="0" interval="0.1" rotation="0" autoexec="False" autoexit="False" autoresume="False" icon="" touchTip="False" index="59">
            <code>send {Alt Down}{F4}{Alt Up}</code>
          </button>
          <button name="4CycleCenterAuxComDigit" type="ahk" top="425" left="76" textPosition="off" textSize="medium" textColor="Black" width="33" height="77" delay="no" buttonPack="" buttonFile="" altButtonFile="" linkActivity="" repeat="0" interval="0.1" rotation="0" autoexec="False" autoexit="False" autoresume="False" icon="" touchTip="False" index="60">
            <code>send {Alt Down}{F2}{Alt Up}</code>
          </button>
          <button name="4CycleLeftAuxComDigit" type="ahk" top="425" left="41" textPosition="off" textSize="medium" textColor="Black" width="33" height="77" delay="no" buttonPack="" buttonFile="" altButtonFile="" linkActivity="" repeat="0" interval="0.1" rotation="0" autoexec="False" autoexit="False" autoresume="False" icon="" touchTip="False" index="61">
            <code>send {Alt Down}{F1}{Alt Up}</code>
          </button>
          <button name="4CycleRightAuxComDigit" type="ahk" top="425" left="111" textPosition="off" textSize="medium" textColor="Black" width="33" height="77" delay="no" buttonPack="" buttonFile="" altButtonFile="" linkActivity="" repeat="0" interval="0.1" rotation="0" autoexec="False" autoexit="False" autoresume="False" icon="" touchTip="False" index="62">
            <code>send {Alt Down}{F3}{Alt Up}</code>
          </button>
          <button name="3FuelDoorGP" type="gp" top="224" left="310" textPosition="off" textSize="medium" textColor="Black" width="55" height="105" delay="no" buttonPack="" buttonFile="" altButtonFile="" linkActivity="" repeat="1" interval="0.1" rotation="0" autoexec="False" autoexit="False" autoresume="False" icon="" touchTip="False" index="63">
            <code>1:ahk&lt;:1LP2^3FuelDoorOpen|2:ahk&lt;:1LP2^3FuelDoorClose</code>
          </button>
          <button name="3FuelDoorLabel" type="label" top="256" left="322" textPosition="on" textSize="medium" textColor="Black" width="32" height="55" delay="no" buttonPack="switchAndKnob" buttonFile="switchAndKnob/swCubeDown.png" altButtonFile="" linkActivity="" repeat="-1" interval="" rotation="0" autoexec="False" autoexit="False" autoresume="False" icon="" touchTip="False" index="64">
            <code>
            </code>
          </button>
          <button name="2FuelPumpGP" type="gp" top="228" left="146" textPosition="off" textSize="medium" textColor="Black" width="125" height="134" delay="no" buttonPack="" buttonFile="" altButtonFile="" linkActivity="" repeat="1" interval="0.1" rotation="0" autoexec="False" autoexit="False" autoresume="False" icon="" touchTip="False" index="65">
            <code>1:ahk&lt;:1LP2^2FuelPumpNorm|2:ahk&lt;:1LP2^2FuelPumpFwd|3:ahk&lt;:1LP2^2FuelPumpOff|4:ahk&lt;:1LP2^2FuelPumpAft</code>
          </button>
          <button name="2FuelPumpLabel" type="label" top="266" left="169" textPosition="on" textSize="medium" textColor="Black" width="75" height="75" delay="no" buttonPack="switchAndKnob" buttonFile="switchAndKnob/knob3Left.png" altButtonFile="" linkActivity="" repeat="-1" interval="" rotation="0" autoexec="False" autoexit="False" autoresume="False" icon="" touchTip="False" index="66">
            <code>
            </code>
          </button>
          <button name="1MasterFuelGP" type="gp" top="218" left="39" textPosition="off" textSize="medium" textColor="Black" width="74" height="125" delay="no" buttonPack="" buttonFile="" altButtonFile="" linkActivity="" repeat="1" interval="0.1" rotation="0" autoexec="False" autoexit="False" autoresume="False" icon="" touchTip="False" index="67">
            <code>1:ahk&lt;:1LP2^1MasterFuelOn|2:ahk&lt;:1LP2^1MasterFuelOff</code>
          </button>
          <button name="1MasterFuelLabel" type="label" top="216" left="34" textPosition="on" textSize="medium" textColor="Black" width="81" height="132" delay="no" buttonPack="switchAndKnob" buttonFile="switchAndKnob/sgCUp.png" altButtonFile="" linkActivity="" repeat="-1" interval="" rotation="0" autoexec="False" autoexit="False" autoresume="False" icon="" touchTip="False" index="68">
            <code>
            </code>
          </button>
        </buttons>
      </device>
      <device name="1LP3">
        <buttons>
          <button name="4ElecReset" type="ahk" top="606" left="460" textPosition="off" textSize="medium" textColor="Black" width="62" height="77" delay="no" buttonPack="" buttonFile="" altButtonFile="" linkActivity="" repeat="1" interval="0.1" rotation="0" autoexec="False" autoexit="False" autoresume="False" icon="" touchTip="False" index="39">
            <code>send {Shift Down}{Alt Down}{d}{Alt Up}{Shift Up}</code>
          </button>
          <button name="3MainPowerGP" type="gp" top="514" left="445" textPosition="off" textSize="medium" textColor="Black" width="55" height="77" delay="no" buttonPack="" buttonFile="" altButtonFile="" linkActivity="" repeat="1" interval="0.1" rotation="0" autoexec="False" autoexit="False" autoresume="False" icon="" touchTip="False" index="40">
            <code>1:ahk&lt;:1LP3^3MainPowerMain|2:ahk&lt;:1LP3^3MainPowerOff|4:ahk&lt;:1LP3^3MainPowerBatt</code>
          </button>
          <button name="3MainPowerLabel" type="label" top="525" left="453" textPosition="on" textSize="medium" textColor="Black" width="33" height="55" delay="no" buttonPack="switchAndKnob" buttonFile="switchAndKnob/swGrayDown.png" altButtonFile="" linkActivity="" repeat="-1" interval="" rotation="0" autoexec="False" autoexit="False" autoresume="False" icon="" touchTip="False" index="41">
            <code>
            </code>
          </button>
          <button name="2EngContGP" type="gp" top="355" left="476" textPosition="off" textSize="medium" textColor="Black" width="77" height="132" delay="no" buttonPack="" buttonFile="" altButtonFile="" linkActivity="" repeat="1" interval="0.1" rotation="0" autoexec="False" autoexit="False" autoresume="False" icon="" touchTip="False" index="42">
            <code>1:ahk&lt;:1LP3^2EngContPri|2:ahk&lt;:1LP3^2EngContSec</code>
          </button>
          <button name="2EngContLabel" type="label" top="353" left="472" textPosition="on" textSize="medium" textColor="Black" width="85" height="137" delay="no" buttonPack="switchAndKnob" buttonFile="switchAndKnob/sgCUp.png" altButtonFile="" linkActivity="" repeat="-1" interval="" rotation="0" autoexec="False" autoexit="False" autoresume="False" icon="" touchTip="False" index="43">
            <code>
            </code>
          </button>
          <button name="1JfsStartGP" type="gp" top="248" left="524" textPosition="off" textSize="medium" textColor="Black" width="50" height="77" delay="no" buttonPack="" buttonFile="" altButtonFile="" linkActivity="" repeat="1" interval="0.1" rotation="0" autoexec="False" autoexit="False" autoresume="False" icon="" touchTip="False" index="44">
            <code>2:ahk&lt;:1LP3^1JfsStart</code>
          </button>
          <button name="1JfsStartLabel" type="label" top="266" left="533" textPosition="on" textSize="medium" textColor="Black" width="32" height="50" delay="no" buttonPack="switchAndKnob" buttonFile="switchAndKnob/swGrayMid.png" altButtonFile="" linkActivity="" repeat="-1" interval="" rotation="0" autoexec="False" autoexit="False" autoresume="False" icon="" touchTip="False" index="45">
            <code>
            </code>
          </button>
        </buttons>
      </device>
      <device name="1LP4">
        <buttons>
          <button name="7EWSProgGP" type="gp" top="251" left="804" textPosition="off" textSize="medium" textColor="Black" width="74" height="84" delay="no" buttonPack="" buttonFile="" altButtonFile="" linkActivity="" repeat="1" interval="0.1" rotation="0" autoexec="False" autoexit="False" autoresume="False" icon="" touchTip="False" index="22">
            <code>1:ahk&lt;:1LP4^7EWSProgTwo|2:ahk&lt;:1LP4^7EWSProgFour|3:ahk&lt;:1LP4^7EWSProgOne|4:ahk&lt;:1LP4^7EWSProgThree</code>
          </button>
          <button name="7EWSProgLabel" type="label" top="270" left="816" textPosition="on" textSize="medium" textColor="Black" width="50" height="53" delay="no" buttonPack="switchAndKnob" buttonFile="switchAndKnob/knob4Left.png" altButtonFile="" linkActivity="" repeat="-1" interval="" rotation="0" autoexec="False" autoexit="False" autoresume="False" icon="" touchTip="False" index="23">
            <code>
            </code>
          </button>
          <button name="8EWSModeGP" type="gp" top="254" left="890" textPosition="off" textSize="medium" textColor="Black" width="77" height="77" delay="no" buttonPack="" buttonFile="" altButtonFile="" linkActivity="" repeat="1" interval="0.1" rotation="0" autoexec="False" autoexit="False" autoresume="False" icon="" touchTip="False" index="24">
            <code>1:ahk&lt;:1LP4^8EWSModeStby|2:ahk&lt;:1LP4^8EWSModeAuto|3:ahk&lt;:1LP4^8EWSModeOff|4:ahk&lt;:1LP4^8EWSModeMan|7:ahk&lt;:1LP4^8EWSModeSemi</code>
          </button>
          <button name="8EWSModeLabel" type="label" top="266" left="903" textPosition="on" textSize="medium" textColor="Black" width="54" height="54" delay="no" buttonPack="switchAndKnob" buttonFile="switchAndKnob/knob5Left.png" altButtonFile="" linkActivity="" repeat="-1" interval="" rotation="0" autoexec="False" autoexit="False" autoresume="False" icon="" touchTip="False" index="25">
            <code>
            </code>
          </button>
          <button name="6EWSJettGP" type="gp" top="238" left="733" textPosition="off" textSize="medium" textColor="Black" width="53" height="97" delay="no" buttonPack="" buttonFile="" altButtonFile="" linkActivity="" repeat="1" interval="0.1" rotation="0" autoexec="False" autoexit="False" autoresume="False" icon="" touchTip="False" index="28">
            <code>1:ahk&lt;:1LP4^6EWSJettOn|2:ahk&lt;:1LP4^6EWSJettOff</code>
          </button>
          <button name="6EWSJettLabel" type="label" top="263" left="744" textPosition="on" textSize="medium" textColor="Black" width="33" height="55" delay="no" buttonPack="switchAndKnob" buttonFile="switchAndKnob/swGrayDown.png" altButtonFile="" linkActivity="" repeat="-1" interval="" rotation="0" autoexec="False" autoexit="False" autoresume="False" icon="" touchTip="False" index="29">
            <code>
            </code>
          </button>
          <button name="5EWSMWSLabel" type="label" top="280" left="675" textPosition="on" textSize="medium" textColor="Black" width="39" height="39" delay="no" buttonPack="switchAndKnob" buttonFile="switchAndKnob/swRedDown.png" altButtonFile="" linkActivity="" repeat="-1" interval="" rotation="0" autoexec="False" autoexit="False" autoresume="False" icon="" touchTip="False" index="30">
            <code>
            </code>
          </button>
          <button name="4EWSFlareGP" type="gp" top="146" left="899" textPosition="off" textSize="medium" textColor="Black" width="55" height="77" delay="no" buttonPack="" buttonFile="" altButtonFile="" linkActivity="" repeat="1" interval="0.1" rotation="0" autoexec="False" autoexit="False" autoresume="False" icon="" touchTip="False" index="31">
            <code>1:ahk&lt;:1LP4^4EWSFlareOn|2:ahk&lt;:1LP4^4EWSFlareOff</code>
          </button>
          <button name="4EWSFlareLabel" type="label" top="176" left="907" textPosition="on" textSize="medium" textColor="Black" width="39" height="39" delay="no" buttonPack="switchAndKnob" buttonFile="switchAndKnob/swRedDown.png" altButtonFile="" linkActivity="" repeat="-1" interval="" rotation="0" autoexec="False" autoexit="False" autoresume="False" icon="" touchTip="False" index="32">
            <code>
            </code>
          </button>
          <button name="3EWSChaffGP" type="gp" top="146" left="840" textPosition="off" textSize="medium" textColor="Black" width="55" height="77" delay="no" buttonPack="" buttonFile="" altButtonFile="" linkActivity="" repeat="1" interval="0.1" rotation="0" autoexec="False" autoexit="False" autoresume="False" icon="" touchTip="False" index="33">
            <code>1:ahk&lt;:1LP4^3EWSChaffOn|2:ahk&lt;:1LP4^3EWSChaffOff</code>
          </button>
          <button name="3EWSChaffLabel" type="label" top="176" left="851" textPosition="on" textSize="medium" textColor="Black" width="39" height="39" delay="no" buttonPack="switchAndKnob" buttonFile="switchAndKnob/swRedDown.png" altButtonFile="" linkActivity="" repeat="-1" interval="" rotation="0" autoexec="False" autoexit="False" autoresume="False" icon="" touchTip="False" index="34">
            <code>
            </code>
          </button>
          <button name="2EWSJammerGP" type="gp" top="196" left="664" textPosition="off" textSize="medium" textColor="Black" width="60" height="64" delay="no" buttonPack="" buttonFile="" altButtonFile="" linkActivity="" repeat="1" interval="0.1" rotation="0" autoexec="False" autoexit="False" autoresume="False" icon="" touchTip="False" index="35">
            <code>1:ahk&lt;:1LP4^2EWSJammerOn|2:ahk&lt;:1LP4^2EWSJammerOff</code>
          </button>
          <button name="2EWSJammerLabel" type="label" top="213" left="677" textPosition="on" textSize="medium" textColor="Black" width="39" height="39" delay="no" buttonPack="switchAndKnob" buttonFile="switchAndKnob/swRedDown.png" altButtonFile="" linkActivity="" repeat="-1" interval="" rotation="0" autoexec="False" autoexit="False" autoresume="False" icon="" touchTip="False" index="36">
            <code>
            </code>
          </button>
          <button name="1EWSRWRGP" type="gp" top="124" left="664" textPosition="off" textSize="medium" textColor="Black" width="60" height="70" delay="no" buttonPack="" buttonFile="" altButtonFile="" linkActivity="" repeat="1" interval="0.1" rotation="0" autoexec="False" autoexit="False" autoresume="False" icon="" touchTip="False" index="37">
            <code>1:ahk&lt;:1LP4^1EWSRWROn|2:ahk&lt;:1LP4^1EWSRWROff</code>
          </button>
          <button name="1EWSRWRLabel" type="label" top="143" left="675" textPosition="on" textSize="medium" textColor="Black" width="39" height="39" delay="no" buttonPack="switchAndKnob" buttonFile="switchAndKnob/swRedDown.png" altButtonFile="" linkActivity="" repeat="-1" interval="" rotation="0" autoexec="False" autoexit="False" autoresume="False" icon="" touchTip="False" index="38">
            <code>
            </code>
          </button>
        </buttons>
      </device>
      <device name="1LP5">
        <buttons>
          <button name="10IntercomVolumeUp" type="ahk" top="677" left="694" textPosition="off" textSize="medium" textColor="Black" width="44" height="80" delay="no" buttonPack="" buttonFile="" altButtonFile="" linkActivity="" repeat="0" interval="0.1" rotation="0" autoexec="False" autoexit="False" autoresume="False" icon="" touchTip="False" index="0">
            <code>send {Shift Down}{Ctrl Down}{Numpad1}{Ctrl Up}{Shift Up}</code>
          </button>
          <button name="10IntercomVolumeDown" type="ahk" top="677" left="652" textPosition="off" textSize="medium" textColor="Black" width="43" height="80" delay="no" buttonPack="" buttonFile="" altButtonFile="" linkActivity="" repeat="0" interval="0.1" rotation="0" autoexec="False" autoexit="False" autoresume="False" icon="" touchTip="False" index="1">
            <code>send {Shift Down}{Ctrl Down}{Numpad2}{Ctrl Up}{Shift Up}</code>
          </button>
          <button name="9ILSOff" type="ahk" top="666" left="829" textPosition="off" textSize="medium" textColor="Black" width="37" height="80" delay="no" buttonPack="" buttonFile="" altButtonFile="" linkActivity="" repeat="0" interval="0.1" rotation="0" autoexec="False" autoexit="False" autoresume="False" icon="" touchTip="False" index="2">
            <code>send {Shift Down}{Ctrl Down}{b}{Ctrl Up}{Shift Up}</code>
          </button>
          <button name="9ILSOn" type="ahk" top="666" left="865" textPosition="off" textSize="medium" textColor="Black" width="42" height="80" delay="no" buttonPack="" buttonFile="" altButtonFile="" linkActivity="" repeat="0" interval="0.1" rotation="0" autoexec="False" autoexit="False" autoresume="False" icon="" touchTip="False" index="3">
            <code>send {Shift Down}{Ctrl Down}{v}{Ctrl Up}{Shift Up}</code>
          </button>
          <button name="8ThreatVolumeUp" type="ahk" top="575" left="947" textPosition="off" textSize="medium" textColor="Black" width="43" height="80" delay="no" buttonPack="" buttonFile="" altButtonFile="" linkActivity="" repeat="0" interval="0.1" rotation="0" autoexec="False" autoexit="False" autoresume="False" icon="" touchTip="False" index="4">
            <code>send {Shift Down}{Alt Down}{NumpadAdd}{Alt Up}{Shift Up}</code>
          </button>
          <button name="8ThreatVolumeDown" type="ahk" top="575" left="906" textPosition="off" textSize="medium" textColor="Black" width="42" height="80" delay="no" buttonPack="" buttonFile="" altButtonFile="" linkActivity="" repeat="0" interval="0.1" rotation="0" autoexec="False" autoexit="False" autoresume="False" icon="" touchTip="False" index="5">
            <code>send {Shift Down}{Alt Down}{NumpadSub}{Alt Up}{Shift Up}</code>
          </button>
          <button name="7Aud1Com2Gp" type="gp" top="572" left="812" textPosition="off" textSize="medium" textColor="Black" width="80" height="80" delay="no" buttonPack="" buttonFile="" altButtonFile="" linkActivity="" repeat="1" interval="0.1" rotation="0" autoexec="False" autoexit="False" autoresume="False" icon="" touchTip="False" index="6">
            <code>1:ahk&lt;:1LP5^7Aud1Com2Sql|4:ahk&lt;:1LP5^7Aud1Com2Gd</code>
          </button>
          <button name="7Aud1Com2Label" type="label" top="575" left="813" textPosition="on" textSize="medium" textColor="Black" width="75" height="75" delay="no" buttonPack="switchAndKnob" buttonFile="switchAndKnob/knob2Up.png" altButtonFile="" linkActivity="" repeat="-1" interval="" rotation="0" autoexec="False" autoexit="False" autoresume="False" icon="" touchTip="False" index="7">
            <code>
            </code>
          </button>
          <button name="6Aud1Com1GP" type="gp" top="571" left="676" textPosition="off" textSize="medium" textColor="Black" width="80" height="80" delay="no" buttonPack="" buttonFile="" altButtonFile="" linkActivity="" repeat="1" interval="0.1" rotation="0" autoexec="False" autoexit="False" autoresume="False" icon="" touchTip="False" index="8">
            <code>1:ahk&lt;:1LP5^6Aud1Com1Sql|4:ahk&lt;:1LP5^6Aud1Com1Gd</code>
          </button>
          <button name="6Aud1Com1Label" type="label" top="575" left="678" textPosition="on" textSize="medium" textColor="Black" width="75" height="75" delay="no" buttonPack="switchAndKnob" buttonFile="switchAndKnob/knob2Up.png" altButtonFile="" linkActivity="" repeat="-1" interval="" rotation="0" autoexec="False" autoexit="False" autoresume="False" icon="" touchTip="False" index="9">
            <code>
            </code>
          </button>
          <button name="5MissileVolumeDown" type="ahk" top="472" left="905" textPosition="off" textSize="medium" textColor="Black" width="43" height="79" delay="no" buttonPack="" buttonFile="" altButtonFile="" linkActivity="" repeat="0" interval="0.1" rotation="0" autoexec="False" autoexit="False" autoresume="False" icon="" touchTip="False" index="10">
            <code>send {Shift Down}{Ctrl Down}{NumpadSub}{Ctrl Up}{Shift Up}</code>
          </button>
          <button name="5MissileVolumeUp" type="ahk" top="472" left="947" textPosition="off" textSize="medium" textColor="Black" width="41" height="79" delay="no" buttonPack="" buttonFile="" altButtonFile="" linkActivity="" repeat="0" interval="0.1" rotation="0" autoexec="False" autoexit="False" autoresume="False" icon="" touchTip="False" index="11">
            <code>send {Shift Down}{Ctrl Down}{NumpadAdd}{Ctrl Up}{Shift Up}</code>
          </button>
          <button name="4Comm2VolumeUp" type="ahk" top="471" left="779" textPosition="off" textSize="medium" textColor="Black" width="41" height="78" delay="no" buttonPack="" buttonFile="" altButtonFile="" linkActivity="" repeat="0" interval="0.1" rotation="0" autoexec="False" autoexit="False" autoresume="False" icon="" touchTip="False" index="12">
            <code>send {Shift Down}{Ctrl Down}{Alt Down}{NumpadAdd}{Alt Up}{Ctrl Up}{Shift Up}</code>
          </button>
          <button name="4Comm2VolumeDown" type="ahk" top="471" left="741" textPosition="off" textSize="medium" textColor="Black" width="40" height="78" delay="no" buttonPack="" buttonFile="" altButtonFile="" linkActivity="" repeat="0" interval="0.1" rotation="0" autoexec="False" autoexit="False" autoresume="False" icon="" touchTip="False" index="13">
            <code>send {Shift Down}{Ctrl Down}{Alt Down}{NumpadSub}{Alt Up}{Ctrl Up}{Shift Up}</code>
          </button>
          <button name="3Comm1VolumeUp" type="ahk" top="471" left="693" textPosition="off" textSize="medium" textColor="Black" width="41" height="78" delay="no" buttonPack="" buttonFile="" altButtonFile="" linkActivity="" repeat="0" interval="0.1" rotation="0" autoexec="False" autoexit="False" autoresume="False" icon="" touchTip="False" index="14">
            <code>send {Ctrl Down}{Alt Down}{NumpadAdd}{Alt Up}{Ctrl Up}</code>
          </button>
          <button name="3Comm1VolumeDown" type="ahk" top="471" left="654" textPosition="off" textSize="medium" textColor="Black" width="40" height="78" delay="no" buttonPack="" buttonFile="" altButtonFile="" linkActivity="" repeat="0" interval="0.1" rotation="0" autoexec="False" autoexit="False" autoresume="False" icon="" touchTip="False" index="15">
            <code>send {Ctrl Down}{Alt Down}{NumpadSub}{Alt Up}{Ctrl Up}</code>
          </button>
          <button name="2BUPUHFGP2" type="gp" top="358" left="883" textPosition="off" textSize="medium" textColor="Black" width="77" height="77" delay="no" buttonPack="" buttonFile="" altButtonFile="" linkActivity="" repeat="1" interval="0.1" rotation="0" autoexec="False" autoexit="False" autoresume="False" icon="" touchTip="False" index="20">
            <code>1:ahk&lt;:1LP5^2BUPUHFPreset|4:ahk&lt;:1LP5^2BUPUHFGuard</code>
          </button>
          <button name="2BUPUHFLabel2" type="label" top="360" left="885" textPosition="on" textSize="medium" textColor="Black" width="74" height="74" delay="no" buttonPack="switchAndKnob" buttonFile="switchAndKnob/knob1Up.png" altButtonFile="" linkActivity="" repeat="-1" interval="" rotation="0" autoexec="False" autoexit="False" autoresume="False" icon="" touchTip="False" index="21">
            <code>
            </code>
          </button>
          <button name="1BUPUHFGP" type="gp" top="358" left="678" textPosition="off" textSize="medium" textColor="Black" width="77" height="77" delay="no" buttonPack="" buttonFile="" altButtonFile="" linkActivity="" repeat="1" interval="0.1" rotation="0" autoexec="False" autoexit="False" autoresume="False" icon="" touchTip="False" index="26">
            <code>1:ahk&lt;:1LP5^1BUPUHFMain|3:ahk&lt;:1LP5^1BUPUHFOff|4:ahk&lt;:1LP5^1BUPUHFBoth</code>
          </button>
          <button name="1BUPUHFLabel" type="label" top="360" left="680" textPosition="on" textSize="medium" textColor="Black" width="74" height="74" delay="no" buttonPack="switchAndKnob" buttonFile="switchAndKnob/knob1Left.png" altButtonFile="" linkActivity="" repeat="-1" interval="" rotation="0" autoexec="False" autoexit="False" autoresume="False" icon="" touchTip="False" index="27">
            <code>
            </code>
          </button>
        </buttons>
      </device>
      <device name="0MainButtons">
        <buttons>
          <button name="04RightPanel" type="link" top="0" left="771" textPosition="off" textSize="medium" textColor="Black" width="250" height="64" delay="no" buttonPack="MainButtons" buttonFile="MainButtons/04RightPanelD.png" altButtonFile="^no_animation^" linkActivity="CybPit^04RightPanel" repeat="1" interval="" rotation="0" autoexec="False" autoexit="False" autoresume="False" icon="" touchTip="False" index="16">
            <code>
            </code>
          </button>
          <button name="03MFDPanel" type="link" top="0" left="516" textPosition="off" textSize="medium" textColor="Black" width="250" height="64" delay="no" buttonPack="MainButtons" buttonFile="MainButtons/03MFDPanelD.png" altButtonFile="^no_animation^" linkActivity="CybPit^03CenterMFDPanel" repeat="1" interval="" rotation="0" autoexec="False" autoexit="False" autoresume="False" icon="" touchTip="False" index="17">
            <code>
            </code>
          </button>
          <button name="LabelDisabled" type="label" top="0" left="6" textPosition="on" textSize="medium" textColor="Black" width="250" height="64" delay="no" buttonPack="MainButtons" buttonFile="MainButtons/01LeftPanel.png" altButtonFile="" linkActivity="" repeat="-1" interval="" rotation="0" autoexec="False" autoexit="False" autoresume="False" icon="" touchTip="False" index="18">
            <code>
            </code>
          </button>
          <button name="02CenterUpPanel" type="link" top="0" left="261" textPosition="off" textSize="medium" textColor="Black" width="250" height="64" delay="no" buttonPack="MainButtons" buttonFile="MainButtons/02ICPPanelD.png" altButtonFile="^no_animation^" linkActivity="CybPit^02ICPPanel" repeat="1" interval="" rotation="0" autoexec="False" autoexit="False" autoresume="False" icon="" touchTip="False" index="19">
            <code>
            </code>
          </button>
        </buttons>
      </device>
    </activity>
    <activity name="02ICPPanel" location="CybPit" active="no" mousekeyboard="no" index="0" deviceType="1" background="2CenterPanel.png" image="touchcontrol_remote_CybPit^02CenterPanel.jpg">
      <device name="0MainButtons">
        <buttons>
          <button name="04RightPanel" type="link" top="0" left="771" textPosition="off" textSize="medium" textColor="Black" width="250" height="64" delay="no" buttonPack="MainButtons" buttonFile="MainButtons/04RightPanelD.png" altButtonFile="^no_animation^" linkActivity="CybPit^04RightPanel" repeat="1" interval="" rotation="0" autoexec="False" autoexit="False" autoresume="False" icon="" touchTip="False" index="64">
            <code>
            </code>
          </button>
          <button name="03MFDPanel" type="link" top="0" left="515" textPosition="off" textSize="medium" textColor="Black" width="250" height="64" delay="no" buttonPack="MainButtons" buttonFile="MainButtons/03MFDPanelD.png" altButtonFile="^no_animation^" linkActivity="CybPit^03CenterMFDPanel" repeat="1" interval="" rotation="0" autoexec="False" autoexit="False" autoresume="False" icon="" touchTip="False" index="65">
            <code>
            </code>
          </button>
          <button name="LabelDisabled" type="label" top="0" left="261" textPosition="on" textSize="medium" textColor="Black" width="250" height="64" delay="no" buttonPack="MainButtons" buttonFile="MainButtons/02ICPPanel.png" altButtonFile="" linkActivity="" repeat="-1" interval="" rotation="0" autoexec="False" autoexit="False" autoresume="False" icon="" touchTip="False" index="66">
            <code>
            </code>
          </button>
          <button name="01LeftPanel" type="link" top="0" left="5" textPosition="off" textSize="medium" textColor="Black" width="250" height="64" delay="no" buttonPack="MainButtons" buttonFile="MainButtons/01LeftPanelD.png" altButtonFile="^no_animation^" linkActivity="CybPit^01LeftPanel" repeat="1" interval="" rotation="0" autoexec="False" autoexit="False" autoresume="False" icon="" touchTip="False" index="67">
            <code>
            </code>
          </button>
        </buttons>
      </device>
      <device name="2IP1">
        <buttons>
          <button name="12FuelTransGP" type="gp" top="585" left="826" textPosition="off" textSize="medium" textColor="Black" width="80" height="102" delay="no" buttonPack="" buttonFile="" altButtonFile="" linkActivity="" repeat="1" interval="0.1" rotation="0" autoexec="False" autoexit="False" autoresume="False" icon="" touchTip="False" index="40">
            <code>1:ahk&lt;:2IP1^12FuelTransNorm|2:ahk&lt;:2IP1^12FuelTransWing</code>
          </button>
          <button name="12FuelTransLabel" type="label" top="620" left="847" textPosition="on" textSize="medium" textColor="Black" width="39" height="39" delay="no" buttonPack="switchAndKnob" buttonFile="switchAndKnob/swRedUp.png" altButtonFile="" linkActivity="" repeat="-1" interval="" rotation="0" autoexec="False" autoexit="False" autoresume="False" icon="" touchTip="False" index="41">
            <code>
            </code>
          </button>
          <button name="11FuelSwitchGP" type="gp" top="583" left="664" textPosition="off" textSize="medium" textColor="Black" width="113" height="107" delay="no" buttonPack="" buttonFile="" altButtonFile="" linkActivity="" repeat="1" interval="0.1" rotation="0" autoexec="False" autoexit="False" autoresume="False" icon="" touchTip="False" index="42">
            <code>1:ahk&lt;:2IP1^11FuelSwitchResv|2:ahk&lt;:2IP1^11FuelSwitchCenterExt|3:ahk&lt;:2IP1^11FuelSwitchNorm|4:ahk&lt;:2IP1^11FuelSwitchWingInt|7:ahk&lt;:2IP1^11FuelSwitchWingExt</code>
          </button>
          <button name="11FuelSwitchLabel" type="label" top="601" left="684" textPosition="on" textSize="medium" textColor="Black" width="75" height="75" delay="no" buttonPack="switchAndKnob" buttonFile="switchAndKnob/knob3LeftDown.png" altButtonFile="" linkActivity="" repeat="-1" interval="" rotation="0" autoexec="False" autoexit="False" autoresume="False" icon="" touchTip="False" index="43">
            <code>
            </code>
          </button>
          <button name="10AltPressInc" type="ahk" top="547" left="495" textPosition="off" textSize="medium" textColor="Black" width="38" height="73" delay="no" buttonPack="" buttonFile="" altButtonFile="" linkActivity="" repeat="0" interval="0.1" rotation="0" autoexec="False" autoexit="False" autoresume="False" icon="" touchTip="False" index="44">
            <code>send {Shift Down}{Ctrl Down}{q}{Ctrl Up}{Shift Up}</code>
          </button>
          <button name="10AltPressDec" type="ahk" top="547" left="458" textPosition="off" textSize="medium" textColor="Black" width="38" height="73" delay="no" buttonPack="" buttonFile="" altButtonFile="" linkActivity="" repeat="0" interval="0.1" rotation="0" autoexec="False" autoexit="False" autoresume="False" icon="" touchTip="False" index="45">
            <code>send {Shift Down}{Ctrl Down}{w}{Ctrl Up}{Shift Up}</code>
          </button>
          <button name="09HSIHeadingInc" type="ahk" top="632" left="557" textPosition="off" textSize="medium" textColor="Black" width="41" height="80" delay="no" buttonPack="" buttonFile="" altButtonFile="" linkActivity="" repeat="0" interval="0.1" rotation="0" autoexec="False" autoexit="False" autoresume="False" icon="" touchTip="False" index="46">
            <code>send {Ctrl Down}{Alt Down}{m}{Alt Up}{Ctrl Up}</code>
          </button>
          <button name="09HSIHeadingDec" type="ahk" top="632" left="517" textPosition="off" textSize="medium" textColor="Black" width="41" height="80" delay="no" buttonPack="" buttonFile="" altButtonFile="" linkActivity="" repeat="0" interval="0.1" rotation="0" autoexec="False" autoexit="False" autoresume="False" icon="" touchTip="False" index="47">
            <code>send  {Ctrl Down}{Alt Down}{n}{Alt Up}{Ctrl Up}</code>
          </button>
          <button name="08HSICourseInc" type="ahk" top="632" left="434" textPosition="off" textSize="medium" textColor="Black" width="41" height="80" delay="no" buttonPack="" buttonFile="" altButtonFile="^no_animation^" linkActivity="" repeat="0" interval="0.1" rotation="0" autoexec="False" autoexit="False" autoresume="False" icon="" touchTip="False" index="48">
            <code>send {Ctrl Down}{Alt Down}{b}{Alt Up}{Ctrl Up}</code>
          </button>
          <button name="08HSICourseDec" type="ahk" top="632" left="395" textPosition="off" textSize="medium" textColor="Black" width="40" height="80" delay="no" buttonPack="" buttonFile="" altButtonFile="^no_animation^" linkActivity="" repeat="0" interval="0.1" rotation="0" autoexec="False" autoexit="False" autoresume="False" icon="" touchTip="False" index="49">
            <code>send {Ctrl Down}{Alt Down}{v}{Alt Up}{Ctrl Up}</code>
          </button>
          <button name="07HSIGP" type="gp" top="539" left="231" textPosition="off" textSize="medium" textColor="Black" width="94" height="95" delay="no" buttonPack="" buttonFile="" altButtonFile="" linkActivity="" repeat="1" interval="0.1" rotation="0" autoexec="False" autoexit="False" autoresume="False" icon="" touchTip="False" index="50">
            <code>1:ahk&lt;:2IP1^07HSITcn|2:ahk&lt;:2IP1^07HSIILSNav|3:ahk&lt;:2IP1^07HSIILSTcn|4:ahk&lt;:2IP1^07HSINav</code>
          </button>
          <button name="07HSILabel" type="label" top="556" left="240" textPosition="on" textSize="medium" textColor="Black" width="75" height="75" delay="no" buttonPack="switchAndKnob" buttonFile="switchAndKnob/knob3Right.png" altButtonFile="" linkActivity="" repeat="-1" interval="" rotation="0" autoexec="False" autoexit="False" autoresume="False" icon="" touchTip="False" index="51">
            <code>
            </code>
          </button>
          <button name="06AFGearGP" type="gp" top="504" left="63" textPosition="off" textSize="medium" textColor="Black" width="98" height="255" delay="no" buttonPack="" buttonFile="" altButtonFile="" linkActivity="" repeat="1" interval="0.1" rotation="0" autoexec="False" autoexit="False" autoresume="False" icon="" touchTip="False" index="52">
            <code>1:ahk&lt;:2IP1^06AFGearUp|2:ahk&lt;:2IP1^06AFGearDown</code>
          </button>
          <button name="06AFGearLabel" type="label" top="508" left="79" textPosition="on" textSize="medium" textColor="Black" width="76" height="250" delay="no" buttonPack="switchAndKnob" buttonFile="switchAndKnob/LGearDown.png" altButtonFile="" linkActivity="" repeat="-1" interval="" rotation="0" autoexec="False" autoexit="False" autoresume="False" icon="" touchTip="False" index="53">
            <code>
            </code>
          </button>
          <button name="03RightApGP" type="gp" top="380" left="137" textPosition="off" textSize="medium" textColor="Black" width="55" height="110" delay="no" buttonPack="" buttonFile="" altButtonFile="" linkActivity="" repeat="1" interval="0.1" rotation="0" autoexec="False" autoexit="False" autoresume="False" icon="" touchTip="False" index="54">
            <code>1:ahk&lt;:2IP1^03RightApUp|2:ahk&lt;:2IP1^03RightApDown|4:ahk&lt;:2IP1^03RightApMid</code>
          </button>
          <button name="03RightApLabel" type="label" top="423" left="139" textPosition="on" textSize="medium" textColor="Black" width="36" height="36" delay="no" buttonPack="switchAndKnob" buttonFile="switchAndKnob/swRedMidV.png" altButtonFile="" linkActivity="" repeat="-1" interval="" rotation="0" autoexec="False" autoexit="False" autoresume="False" icon="" touchTip="False" index="55">
            <code>
            </code>
          </button>
          <button name="05LeftAPGP" type="gp" top="381" left="21" textPosition="off" textSize="medium" textColor="Black" width="53" height="108" delay="no" buttonPack="" buttonFile="" altButtonFile="" linkActivity="" repeat="1" interval="0.1" rotation="0" autoexec="False" autoexit="False" autoresume="False" icon="" touchTip="False" index="56">
            <code>1:ahk&lt;:2IP1^05LeftAPUp|2:ahk&lt;:2IP1^05LeftAPDown|4:ahk&lt;:2IP1^05LeftAPMid</code>
          </button>
          <button name="05LeftAPLabel" type="label" top="426" left="26" textPosition="on" textSize="medium" textColor="Black" width="34" height="34" delay="no" buttonPack="switchAndKnob" buttonFile="switchAndKnob/swRedMidV.png" altButtonFile="" linkActivity="" repeat="-1" interval="" rotation="0" autoexec="False" autoexit="False" autoresume="False" icon="" touchTip="False" index="57">
            <code>
            </code>
          </button>
          <button name="04MasterArmGP" type="gp" top="252" left="79" textPosition="off" textSize="medium" textColor="Black" width="55" height="96" delay="no" buttonPack="" buttonFile="" altButtonFile="" linkActivity="" repeat="1" interval="0.1" rotation="0" autoexec="False" autoexit="False" autoresume="False" icon="" touchTip="False" index="58">
            <code>1:ahk&lt;:2IP1^04ArmMasterArm|2:ahk&lt;:2IP1^04SimMasterArm|4:ahk&lt;:2IP1^04SafeMasterArm</code>
          </button>
          <button name="04MasterArmLabel" type="label" top="274" left="91" textPosition="on" textSize="medium" textColor="Black" width="33" height="55" delay="no" buttonPack="switchAndKnob" buttonFile="switchAndKnob/swGrayMid.png" altButtonFile="" linkActivity="" repeat="-1" interval="" rotation="0" autoexec="False" autoexit="False" autoresume="False" icon="" touchTip="False" index="59">
            <code>
            </code>
          </button>
          <button name="02RFSwitchGP" type="gp" top="95" left="134" textPosition="off" textSize="medium" textColor="Black" width="53" height="105" delay="no" buttonPack="" buttonFile="" altButtonFile="" linkActivity="" repeat="1" interval="0.1" rotation="0" autoexec="False" autoexit="False" autoresume="False" icon="" touchTip="False" index="60">
            <code>1:ahk&lt;:2IP1^02RFSwitchNorm|2:ahk&lt;:2IP1^02RFSwitchSilent|4:ahk&lt;:2IP1^02RFSwitchQuiet</code>
          </button>
          <button name="02RFSwitchLabel" type="label" top="125" left="141" textPosition="on" textSize="medium" textColor="Black" width="33" height="55" delay="no" buttonPack="switchAndKnob" buttonFile="switchAndKnob/swGrayMid.png" altButtonFile="" linkActivity="" repeat="-1" interval="" rotation="0" autoexec="False" autoexit="False" autoresume="False" icon="" touchTip="False" index="61">
            <code>
            </code>
          </button>
          <button name="01LaserArmGP" type="gp" top="97" left="34" textPosition="off" textSize="medium" textColor="Black" width="55" height="102" delay="no" buttonPack="" buttonFile="" altButtonFile="" linkActivity="" repeat="1" interval="0.1" rotation="0" autoexec="False" autoexit="False" autoresume="False" icon="" touchTip="False" index="62">
            <code>1:ahk&lt;:2IP1^01LaserArmOn|2:ahk&lt;:2IP1^01LaserArmOff</code>
          </button>
          <button name="01LaserArmLabel" type="label" top="124" left="43" textPosition="on" textSize="medium" textColor="Black" width="33" height="55" delay="no" buttonPack="switchAndKnob" buttonFile="switchAndKnob/swGrayDown.png" altButtonFile="" linkActivity="" repeat="-1" interval="" rotation="0" autoexec="False" autoexit="False" autoresume="False" icon="" touchTip="False" index="63">
            <code>
            </code>
          </button>
        </buttons>
      </device>
      <device name="2IP2">
        <buttons>
          <button name="27HUDBrightnessUp" type="ahk" top="133" left="226" textPosition="off" textSize="medium" textColor="Black" width="65" height="80" delay="no" buttonPack="" buttonFile="" altButtonFile="" linkActivity="" repeat="1" interval="0.1" rotation="0" autoexec="False" autoexit="False" autoresume="False" icon="" touchTip="False" index="15">
            <code>send {Shift Down}{Ctrl Down}{Alt Down}{x}{Alt Up}{Ctrl Up}{Shift Up}</code>
          </button>
          <button name="27HUDBrightnessDown" type="ahk" top="212" left="226" textPosition="off" textSize="medium" textColor="Black" width="65" height="80" delay="no" buttonPack="" buttonFile="" altButtonFile="" linkActivity="" repeat="1" interval="0.1" rotation="0" autoexec="False" autoexit="False" autoresume="False" icon="" touchTip="False" index="16">
            <code>send {Shift Down}{Ctrl Down}{Alt Down}{z}{Alt Up}{Ctrl Up}{Shift Up}</code>
          </button>
          <button name="26ICPDriftCOGP" type="gp" top="397" left="535" textPosition="off" textSize="medium" textColor="Black" width="62" height="80" delay="no" buttonPack="" buttonFile="" altButtonFile="" linkActivity="" repeat="1" interval="0.1" rotation="0" autoexec="False" autoexit="False" autoresume="False" icon="" touchTip="False" index="17">
            <code>1:ahk&lt;:2IP2^26ICPDriftCOOn|2:ahk&lt;:2IP2^26ICPDriftCOOff</code>
          </button>
          <button name="26ICPDriftCOLabel" type="label" top="416" left="547" textPosition="on" textSize="medium" textColor="Black" width="39" height="39" delay="no" buttonPack="switchAndKnob" buttonFile="switchAndKnob/swRedMidV.png" altButtonFile="" linkActivity="" repeat="-1" interval="" rotation="0" autoexec="False" autoexit="False" autoresume="False" icon="" touchTip="False" index="18">
            <code>
            </code>
          </button>
          <button name="25ICPDEDGP" type="gp" top="399" left="412" textPosition="off" textSize="medium" textColor="Black" width="80" height="80" delay="no" buttonPack="" buttonFile="" altButtonFile="" linkActivity="" repeat="1" interval="0.1" rotation="0" autoexec="False" autoexit="False" autoresume="False" icon="" touchTip="False" index="19">
            <code>1:ahk:2IP2^22ICPDEDUp|2:ahk:2IP2^21ICPDEDDown|3:ahk:2IP2^24ICPDEDReset|4:ahk:2IP2^23ICPDEDSeq</code>
          </button>
          <button name="20ICPPrevious" type="ahk" top="432" left="323" textPosition="off" textSize="medium" textColor="Black" width="59" height="45" delay="no" buttonPack="" buttonFile="" altButtonFile="" linkActivity="" repeat="1" interval="0.1" rotation="0" autoexec="False" autoexit="False" autoresume="False" icon="" touchTip="False" index="20">
            <code>send {PgDn}</code>
          </button>
          <button name="19ICPNext" type="ahk" top="388" left="323" textPosition="off" textSize="medium" textColor="Black" width="59" height="45" delay="no" buttonPack="" buttonFile="" altButtonFile="" linkActivity="" repeat="1" interval="0.1" rotation="0" autoexec="False" autoexit="False" autoresume="False" icon="" touchTip="False" index="21">
            <code>send {PgUp}</code>
          </button>
          <button name="18ICPEnter" type="ahk" top="243" left="562" textPosition="off" textSize="medium" textColor="Black" width="60" height="60" delay="no" buttonPack="" buttonFile="" altButtonFile="" linkActivity="" repeat="0" interval="0.1" rotation="0" autoexec="False" autoexit="False" autoresume="False" icon="" touchTip="False" index="22">
            <code>send {NumpadEnter}</code>
          </button>
          <button name="17ICPClear" type="ahk" top="166" left="562" textPosition="off" textSize="medium" textColor="Black" width="60" height="60" delay="no" buttonPack="" buttonFile="" altButtonFile="" linkActivity="" repeat="0" interval="0.1" rotation="0" autoexec="False" autoexit="False" autoresume="False" icon="" touchTip="False" index="23">
            <code>send {NumpadAdd}</code>
          </button>
          <button name="16ICPZero" type="ahk" top="320" left="537" textPosition="off" textSize="medium" textColor="Black" width="60" height="60" delay="no" buttonPack="" buttonFile="" altButtonFile="" linkActivity="" repeat="0" interval="0.1" rotation="0" autoexec="False" autoexit="False" autoresume="False" icon="" touchTip="False" index="24">
            <code>send {Numpad0}</code>
          </button>
          <button name="15ICPNine" type="ahk" top="321" left="458" textPosition="off" textSize="medium" textColor="Black" width="60" height="60" delay="no" buttonPack="" buttonFile="" altButtonFile="" linkActivity="" repeat="0" interval="0.1" rotation="0" autoexec="False" autoexit="False" autoresume="False" icon="" touchTip="False" index="25">
            <code>send {Numpad9}</code>
          </button>
          <button name="14ICPEight" type="ahk" top="321" left="381" textPosition="off" textSize="medium" textColor="Black" width="60" height="60" delay="no" buttonPack="" buttonFile="" altButtonFile="" linkActivity="" repeat="0" interval="0.1" rotation="0" autoexec="False" autoexit="False" autoresume="False" icon="" touchTip="False" index="26">
            <code>send {Numpad8}</code>
          </button>
          <button name="13ICPMark" type="ahk" top="321" left="305" textPosition="off" textSize="medium" textColor="Black" width="60" height="60" delay="no" buttonPack="" buttonFile="" altButtonFile="" linkActivity="" repeat="0" interval="0.1" rotation="0" autoexec="False" autoexit="False" autoresume="False" icon="" touchTip="False" index="27">
            <code>send {Numpad7}</code>
          </button>
          <button name="12ICPSix" type="ahk" top="244" left="458" textPosition="off" textSize="medium" textColor="Black" width="60" height="60" delay="no" buttonPack="" buttonFile="" altButtonFile="" linkActivity="" repeat="0" interval="0.1" rotation="0" autoexec="False" autoexit="False" autoresume="False" icon="" touchTip="False" index="28">
            <code>send {Numpad6}</code>
          </button>
          <button name="11ICPCrus" type="ahk" top="244" left="381" textPosition="off" textSize="medium" textColor="Black" width="60" height="60" delay="no" buttonPack="" buttonFile="" altButtonFile="" linkActivity="" repeat="0" interval="0.1" rotation="0" autoexec="False" autoexit="False" autoresume="False" icon="" touchTip="False" index="29">
            <code>send {Numpad5}</code>
          </button>
          <button name="10ICPStpt" type="ahk" top="244" left="305" textPosition="off" textSize="medium" textColor="Black" width="60" height="60" delay="no" buttonPack="" buttonFile="" altButtonFile="" linkActivity="" repeat="0" interval="0.1" rotation="0" autoexec="False" autoexit="False" autoresume="False" icon="" touchTip="False" index="30">
            <code>send {Numpad4}</code>
          </button>
          <button name="09ICPThree" type="ahk" top="166" left="458" textPosition="off" textSize="medium" textColor="Black" width="60" height="60" delay="no" buttonPack="" buttonFile="" altButtonFile="" linkActivity="" repeat="0" interval="0.1" rotation="0" autoexec="False" autoexit="False" autoresume="False" icon="" touchTip="False" index="31">
            <code>send {Numpad3}</code>
          </button>
          <button name="08ICPAlow" type="ahk" top="166" left="381" textPosition="off" textSize="medium" textColor="Black" width="60" height="60" delay="no" buttonPack="" buttonFile="" altButtonFile="" linkActivity="" repeat="0" interval="0.1" rotation="0" autoexec="False" autoexit="False" autoresume="False" icon="" touchTip="False" index="32">
            <code>send {Numpad2}</code>
          </button>
          <button name="07ICPTILS" type="ahk" top="167" left="305" textPosition="off" textSize="medium" textColor="Black" width="60" height="60" delay="no" buttonPack="" buttonFile="" altButtonFile="" linkActivity="" repeat="0" interval="0.1" rotation="0" autoexec="False" autoexit="False" autoresume="False" icon="" touchTip="False" index="33">
            <code>send {Numpad1}</code>
          </button>
          <button name="06ICPAG" type="ahk" top="92" left="665" textPosition="off" textSize="medium" textColor="Black" width="60" height="60" delay="no" buttonPack="" buttonFile="" altButtonFile="" linkActivity="" repeat="0" interval="0.1" rotation="0" autoexec="False" autoexit="False" autoresume="False" icon="" touchTip="False" index="34">
            <code>send {Ctrl Down}{NumpadSub}{Ctrl Up}</code>
          </button>
          <button name="05ICPAA" type="ahk" top="92" left="592" textPosition="off" textSize="medium" textColor="Black" width="60" height="60" delay="no" buttonPack="" buttonFile="" altButtonFile="" linkActivity="" repeat="0" interval="0.1" rotation="0" autoexec="False" autoexit="False" autoresume="False" icon="" touchTip="False" index="35">
            <code>send {Ctrl Down}{NumpadMult}{Ctrl Up}</code>
          </button>
          <button name="04ICPList" type="ahk" top="92" left="520" textPosition="off" textSize="medium" textColor="Black" width="60" height="60" delay="no" buttonPack="" buttonFile="" altButtonFile="" linkActivity="" repeat="0" interval="0.1" rotation="0" autoexec="False" autoexit="False" autoresume="False" icon="" touchTip="False" index="36">
            <code>send {NumpadSub}</code>
          </button>
          <button name="03ICPIff" type="ahk" top="92" left="449" textPosition="off" textSize="medium" textColor="Black" width="60" height="60" delay="no" buttonPack="" buttonFile="" altButtonFile="" linkActivity="" repeat="0" interval="0.1" rotation="0" autoexec="False" autoexit="False" autoresume="False" icon="" touchTip="False" index="37">
            <code>send {Ctrl Down}{NumpadDiv}{Ctrl Up}</code>
          </button>
          <button name="02ICPCom2" type="ahk" top="92" left="376" textPosition="off" textSize="medium" textColor="Black" width="60" height="60" delay="no" buttonPack="" buttonFile="" altButtonFile="" linkActivity="" repeat="0" interval="0.1" rotation="0" autoexec="False" autoexit="False" autoresume="False" icon="" touchTip="False" index="38">
            <code>send {NumpadMult}</code>
          </button>
          <button name="01ICPCom1" type="ahk" top="91" left="302" textPosition="off" textSize="medium" textColor="Black" width="60" height="60" delay="no" buttonPack="" buttonFile="" altButtonFile="" linkActivity="" repeat="0" interval="0.1" rotation="0" autoexec="False" autoexit="False" autoresume="False" icon="" touchTip="False" index="39">
            <code>send {NumpadDiv}</code>
          </button>
        </buttons>
      </device>
      <device name="2IP3">
        <buttons>
          <button name="Num9" type="ahk" top="629" left="929" textPosition="off" textSize="medium" textColor="" width="60" height="60" delay="no" buttonPack="" buttonFile="" altButtonFile="" linkActivity="" repeat="0" interval="0.1" rotation="0" autoexec="False" autoexit="False" autoresume="False" icon="" touchTip="False" index="0">
            <code>send {9}</code>
          </button>
          <button name="Num8" type="ahk" top="565" left="929" textPosition="off" textSize="medium" textColor="" width="60" height="60" delay="no" buttonPack="" buttonFile="" altButtonFile="" linkActivity="" repeat="0" interval="0.1" rotation="0" autoexec="False" autoexit="False" autoresume="False" icon="" touchTip="False" index="1">
            <code>send {8}</code>
          </button>
          <button name="Num7" type="ahk" top="501" left="929" textPosition="off" textSize="medium" textColor="" width="60" height="60" delay="no" buttonPack="" buttonFile="" altButtonFile="" linkActivity="" repeat="0" interval="0.1" rotation="0" autoexec="False" autoexit="False" autoresume="False" icon="" touchTip="False" index="2">
            <code>send {7}</code>
          </button>
          <button name="Num6" type="ahk" top="437" left="929" textPosition="off" textSize="medium" textColor="" width="60" height="60" delay="no" buttonPack="" buttonFile="" altButtonFile="" linkActivity="" repeat="0" interval="0.1" rotation="0" autoexec="False" autoexit="False" autoresume="False" icon="" touchTip="False" index="3">
            <code>send {6}</code>
          </button>
          <button name="Num5" type="ahk" top="373" left="929" textPosition="off" textSize="medium" textColor="" width="60" height="60" delay="no" buttonPack="" buttonFile="" altButtonFile="" linkActivity="" repeat="0" interval="0.1" rotation="0" autoexec="False" autoexit="False" autoresume="False" icon="" touchTip="False" index="4">
            <code>send {5}</code>
          </button>
          <button name="Num4" type="ahk" top="308" left="929" textPosition="off" textSize="medium" textColor="" width="60" height="60" delay="no" buttonPack="" buttonFile="" altButtonFile="" linkActivity="" repeat="0" interval="0.1" rotation="0" autoexec="False" autoexit="False" autoresume="False" icon="" touchTip="False" index="5">
            <code>send {4}</code>
          </button>
          <button name="Num3" type="ahk" top="243" left="929" textPosition="off" textSize="medium" textColor="" width="60" height="60" delay="no" buttonPack="" buttonFile="" altButtonFile="" linkActivity="" repeat="0" interval="0.1" rotation="0" autoexec="False" autoexit="False" autoresume="False" icon="" touchTip="False" index="6">
            <code>send {3}</code>
          </button>
          <button name="Num2" type="ahk" top="180" left="929" textPosition="off" textSize="medium" textColor="" width="60" height="60" delay="no" buttonPack="" buttonFile="" altButtonFile="" linkActivity="" repeat="0" interval="0.1" rotation="0" autoexec="False" autoexit="False" autoresume="False" icon="" touchTip="False" index="7">
            <code>send {2}</code>
          </button>
          <button name="Num1" type="ahk" top="114" left="929" textPosition="off" textSize="medium" textColor="" width="60" height="60" delay="no" buttonPack="" buttonFile="" altButtonFile="" linkActivity="" repeat="1" interval="0.1" rotation="0" autoexec="False" autoexit="False" autoresume="False" icon="" touchTip="False" index="8">
            <code>send {1}</code>
          </button>
          <button name="06TankerCommand" type="ahk" top="437" left="793" textPosition="off" textSize="medium" textColor="" width="120" height="60" delay="no" buttonPack="" buttonFile="" altButtonFile="" linkActivity="" repeat="1" interval="0.1" rotation="0" autoexec="False" autoexit="False" autoresume="False" icon="" touchTip="False" index="9">
            <code>send {y}</code>
          </button>
          <button name="05TowerCommand" type="ahk" top="373" left="792" textPosition="off" textSize="medium" textColor="" width="120" height="60" delay="no" buttonPack="" buttonFile="" altButtonFile="" linkActivity="" repeat="1" interval="0.1" rotation="0" autoexec="False" autoexit="False" autoresume="False" icon="" touchTip="False" index="10">
            <code>send {t}</code>
          </button>
          <button name="04FlightCommand" type="ahk" top="308" left="792" textPosition="off" textSize="medium" textColor="" width="120" height="60" delay="no" buttonPack="" buttonFile="" altButtonFile="" linkActivity="" repeat="1" interval="0.1" rotation="0" autoexec="False" autoexit="False" autoresume="False" icon="" touchTip="False" index="11">
            <code>send {r}</code>
          </button>
          <button name="03ElementCommand" type="ahk" top="243" left="792" textPosition="off" textSize="medium" textColor="" width="120" height="60" delay="no" buttonPack="" buttonFile="" altButtonFile="" linkActivity="" repeat="1" interval="0.1" rotation="0" autoexec="False" autoexit="False" autoresume="False" icon="" touchTip="False" index="12">
            <code>send {e}</code>
          </button>
          <button name="02WingCommand" type="ahk" top="180" left="792" textPosition="off" textSize="medium" textColor="" width="120" height="60" delay="no" buttonPack="" buttonFile="" altButtonFile="" linkActivity="" repeat="1" interval="0.1" rotation="0" autoexec="False" autoexit="False" autoresume="False" icon="" touchTip="False" index="13">
            <code>send {w}</code>
          </button>
          <button name="01AWACSCommand" type="ahk" top="116" left="792" textPosition="off" textSize="medium" textColor="" width="120" height="60" delay="no" buttonPack="" buttonFile="" altButtonFile="" linkActivity="" repeat="1" interval="0.1" rotation="0" autoexec="False" autoexit="False" autoresume="False" icon="" touchTip="False" index="14">
            <code>send {q}</code>
          </button>
        </buttons>
      </device>
    </activity>
    <activity name="03CenterMFDPanel" location="CybPit" active="no" mousekeyboard="no" index="0" deviceType="1" background="3MFDPanel.png" image="touchcontrol_remote_CybPit^03CenterMFDPanel.jpg">
      <device name="0MainButtons">
        <buttons>
          <button name="04RightPanel" type="link" top="0" left="770" textPosition="off" textSize="medium" textColor="Black" width="250" height="64" delay="no" buttonPack="MainButtons" buttonFile="MainButtons/04RightPanelD.png" altButtonFile="^no_animation^" linkActivity="CybPit^04RightPanel" repeat="1" interval="" rotation="0" autoexec="False" autoexit="False" autoresume="False" icon="" touchTip="False" index="0">
            <code>
            </code>
          </button>
          <button name="02CenterUpPanel" type="link" top="0" left="260" textPosition="off" textSize="medium" textColor="Black" width="250" height="64" delay="no" buttonPack="MainButtons" buttonFile="MainButtons/02ICPPanelD.png" altButtonFile="^no_animation^" linkActivity="CybPit^02ICPPanel" repeat="1" interval="" rotation="0" autoexec="False" autoexit="False" autoresume="False" icon="" touchTip="False" index="1">
            <code>
            </code>
          </button>
          <button name="01LeftPanel" type="link" top="0" left="5" textPosition="off" textSize="medium" textColor="Black" width="250" height="64" delay="no" buttonPack="MainButtons" buttonFile="MainButtons/01LeftPanelD.png" altButtonFile="^no_animation^" linkActivity="CybPit^01LeftPanel" repeat="1" interval="" rotation="0" autoexec="False" autoexit="False" autoresume="False" icon="" touchTip="False" index="2">
            <code>
            </code>
          </button>
          <button name="LabelDisabled" type="label" top="0" left="515" textPosition="on" textSize="medium" textColor="Black" width="250" height="64" delay="no" buttonPack="MainButtons" buttonFile="MainButtons/03MFDPanel.png" altButtonFile="" linkActivity="" repeat="-1" interval="" rotation="0" autoexec="False" autoexit="False" autoresume="False" icon="" touchTip="False" index="3">
            <code>
            </code>
          </button>
        </buttons>
      </device>
    </activity>
    <activity name="04RightPanel" location="CybPit" active="no" mousekeyboard="no" index="0" deviceType="1" background="3rightPanel.png" image="touchcontrol_remote_CybPit^04RightPanel.jpg">
      <device name="0MainButtons">
        <buttons>
          <button name="04RightPanel" type="link" top="0" left="770" textPosition="off" textSize="medium" textColor="Black" width="250" height="64" delay="no" buttonPack="MainButtons" buttonFile="MainButtons/04RightPanel.png" altButtonFile="^no_animation^" linkActivity="CybPit^04RightPanel" repeat="1" interval="" rotation="0" autoexec="False" autoexit="False" autoresume="False" icon="" touchTip="False" index="0">
            <code>
            </code>
          </button>
          <button name="03MFDPanel" type="link" top="0" left="515" textPosition="off" textSize="medium" textColor="Black" width="250" height="64" delay="no" buttonPack="MainButtons" buttonFile="MainButtons/03MFDPanelD.png" altButtonFile="^no_animation^" linkActivity="CybPit^03CenterMFDPanel" repeat="1" interval="" rotation="0" autoexec="False" autoexit="False" autoresume="False" icon="" touchTip="False" index="1">
            <code>
            </code>
          </button>
          <button name="02CenterUpPanel" type="link" top="0" left="260" textPosition="off" textSize="medium" textColor="Black" width="250" height="64" delay="no" buttonPack="MainButtons" buttonFile="MainButtons/02ICPPanelD.png" altButtonFile="^no_animation^" linkActivity="CybPit^02ICPPanel" repeat="1" interval="" rotation="0" autoexec="False" autoexit="False" autoresume="False" icon="" touchTip="False" index="2">
            <code>
            </code>
          </button>
          <button name="01LeftPanel" type="link" top="0" left="5" textPosition="off" textSize="medium" textColor="Black" width="250" height="64" delay="no" buttonPack="MainButtons" buttonFile="MainButtons/01LeftPanelD.png" altButtonFile="^no_animation^" linkActivity="CybPit^01LeftPanel" repeat="1" interval="" rotation="0" autoexec="False" autoexit="False" autoresume="False" icon="" touchTip="False" index="3">
            <code>
            </code>
          </button>
        </buttons>
      </device>
    </activity>
  </activities>
</touchIR>